personId,player_name,season_from,season_to,retire_age,career_years
29,Jim McIlvaine,1995,2001,29,6
30,Richard Dumas,1993,1996,27,3
32,Clifford Rozier,1995,1998,26,3
35,Eric Riley,1994,1999,29,5
37,Greg Graham,1994,1998,28,4
41,Anthony Bonner,1991,1996,28,5
49,Gheorghe Mureșan,1994,2000,29,6
63,Michael Smith,1995,2001,29,6
65,Greg Minor,1995,1999,28,4
112,Dontonio Wingfield,1995,1998,24,3
114,Harold Miner,1993,1996,25,3
143,Terry Dehere,1994,1999,28,5
160,Tim Breaux,1995,1998,28,3
195,Lee Mayberry,1993,1999,29,6
212,Yinka Dare,1995,1998,26,3
223,Bill Curley,1995,2001,29,6
226,Antonio Lang,1995,2000,28,5
234,Khalid Reeves,1995,2000,28,5
240,Brooks Thompson,1995,1998,28,3
310,Bobby Hurley,1994,1998,27,4
320,Jamie Watson,1995,1999,27,4
340,Kevin Pritchard,1991,1996,29,5
357,Greg Sutton,1992,1996,29,4
412,Sharone Wright,1995,1998,25,3
434,Tony Dumas,1995,1998,26,3
438,Robert Werdann,1993,1997,27,4
475,Doug Smith,1992,1996,27,4
676,Thomas Hamilton,1996,2000,25,4
684,Loren Meyer,1996,1999,27,3
700,Keith Tower,1994,1997,27,3
704,Shawn Respert,1996,1999,27,3
1505,Tariq Abdul-Wahad,1998,2003,29,5
1732,Felipe López,1999,2002,28,3
1735,Vladimir Stepania,1999,2004,28,5
1743,Bruno Šundov,1999,2005,25,6
1893,Aleksandar Radojević,2000,2005,29,5
1928,Todd MacCulloch,2000,2003,27,3
1960,Milt Palacio,2000,2006,28,6
2040,Jérôme Moïso,2001,2005,27,4
2054,Jake Tsakalidis,2001,2007,28,6
2091,Daniel Santiago,2001,2005,29,4
2098,Slava Medvedenko,2001,2007,28,6
2401,Nikoloz Tskitishvili,2003,2006,23,3
2411,Boštjan Nachbar,2003,2008,28,5
2412,Jiří Welsch,2003,2006,26,3
2420,Nenad Krstić,2005,2011,28,6
2545,Darko Miličić,2004,2013,28,9
2740,Andris Biedriņš,2005,2014,28,9
2751,Viktor Khryapa,2005,2008,26,3
21002,Zhizhi Wang,2001,2005,28,4
